<?xml version="1.0" encoding="utf-8"?>
<extension type="package" version="2.5" method="upgrade">
	<name>pkg_app_cck_TOP</name>
	<packagename>app_cck_TOP</packagename>
	<packager>Octopoos</packager>
	<packagerurl>http://www.seblod.com</packagerurl>
	<copyright>Copyright (C) 2013 SEBLOD. All Rights Reserved.</copyright>
	<license>GNU General Public License version 2 or later.</license>
	<creationDate>March 2016</creationDate>
	<description>SEBLOD 3.x Top App - www.seblod.com</description>
	<version>1.0.0</version>
	<scriptfile>pkg_script.php</scriptfile>
	<files folder="extensions">
		<file type="plugin" id="plg_system_blank" group="system">plg_system_blank.zip</file>
		<file type="template" id="tpl_seb_one" client="site">tpl_seb_one.zip</file>
		<file type="template" id="tpl_seb_blog" client="site">tpl_seb_blog.zip</file>
		<file type="template" id="tpl_seb_table" client="site">tpl_seb_table.zip</file>
	</files>
	<languages folder="languages" />
</extension>