<?xml version="1.0" encoding="utf-8"?>
<cck type="folders">
	<author>Octopoos</author>
	<authorEmail>contact@seblod.com</authorEmail>
	<authorUrl>http://www.seblod.com</authorUrl>
	<copyright>Copyright (C) 2013 SEBLOD. All Rights Reserved.</copyright>
	<license>GNU General Public License version 2 or later.</license>
	<description>SEBLOD 3.x - www.seblod.com</description>
	<folder>
		<id />
		<asset_id />
		<parent_id />
		<path />
		<title>Top</title>
		<name>TOP</name>
		<color />
		<introchar />
		<colorchar />
		<elements>type,field,search,template</elements>
		<icon_path />
		<depth />
		<lft />
		<rgt />
		<description />
		<app />
		<featured>0</featured>
		<home>0</home>
		<published>1</published>
		<checked_out>0</checked_out>
		<checked_out_time>0000-00-00 00:00:00</checked_out_time>
	</folder>
	<acl>{&quot;core.create&quot;:[],&quot;core.delete&quot;:[],&quot;core.delete.own&quot;:[],&quot;core.edit&quot;:[],&quot;core.edit.state&quot;:[],&quot;core.edit.own&quot;:[]}</acl>
</cck>