<?xml version="1.0" encoding="utf-8"?>
<cck type="searchs">
	<author>Octopoos</author>
	<authorEmail>contact@seblod.com</authorEmail>
	<authorUrl>http://www.seblod.com</authorUrl>
	<copyright>Copyright (C) 2013 SEBLOD. All Rights Reserved.</copyright>
	<license>GNU General Public License version 2 or later.</license>
	<description>SEBLOD 3.x - www.seblod.com</description>
	<search>
		<id />
		<title>Articles</title>
		<name>articles</name>
		<alias />
		<folder>joomla/joomla_article</folder>
		<content>1</content>
		<template_search>seb_one</template_search>
		<template_filter>seb_one</template_filter>
		<template_list>seb_blog</template_list>
		<template_item>seb_one</template_item>
		<description />
		<access>1</access>
		<published>1</published>
		<options />
		<location>site</location>
		<sef_route />
		<storage_location>joomla_article</storage_location>
		<stylesheets />
		<version>1</version>
		<checked_out>0</checked_out>
		<checked_out_time>0000-00-00 00:00:00</checked_out_time>
	</search>
	<fields>
		<field1 client="item" ordering="1" label="clear" variation="" variation_override="" required="" required_alert="" validation="" validation_options="" link="content" link_options="" live="" live_options="" live_value="" markup="" markup_class="" match_collection="" match_mode="" match_options="" match_value="" typo="heading" typo_label="0" typo_options="" stage="0" access="1" restriction="" restriction_options="" computation="" computation_options="" conditional="" conditional_options="" position="mainbody">art_title</field1>
		<field2 client="item" ordering="2" label="clear" variation="" variation_override="" required="" required_alert="" validation="" validation_options="" link="" link_options="" live="" live_options="" live_value="" markup="" markup_class="" match_collection="" match_mode="" match_options="" match_value="" typo="" typo_label="0" typo_options="" stage="0" access="1" restriction="" restriction_options="" computation="" computation_options="" conditional="" conditional_options="" position="mainbody">art_introtext</field2>
		<field3 client="search" ordering="1" label="" variation="hidden" variation_override="" required="" required_alert="" validation="" validation_options="" link="" link_options="" live="" live_options="" live_value="article" markup="" markup_class="" match_collection="" match_mode="exact" match_options="" match_value="" typo="" typo_label="0" typo_options="" stage="0" access="1" restriction="" restriction_options="" computation="" computation_options="" conditional="" conditional_options="" position="mainbody">cck</field3>
		<field4 client="search" ordering="2" label="" variation="" variation_override="" required="" required_alert="" validation="" validation_options="" link="" link_options="" live="" live_options="" live_value="" markup="" markup_class="" match_collection="" match_mode="" match_options="" match_value="" typo="" typo_label="0" typo_options="" stage="0" access="1" restriction="" restriction_options="" computation="" computation_options="" conditional="" conditional_options="" position="mainbody">art_title</field4>
		<field5 client="search" ordering="3" label="" variation="" variation_override="" required="" required_alert="" validation="" validation_options="" link="" link_options="" live="" live_options="" live_value="" markup="" markup_class=" btn-toolbar" match_collection="" match_mode="" match_options="" match_value="" typo="" typo_label="0" typo_options="" stage="0" access="1" restriction="" restriction_options="" computation="" computation_options="" conditional="" conditional_options="" position="mainbody">div_start</field5>
		<field6 client="search" ordering="4" label="" variation="" variation_override="" required="" required_alert="" validation="" validation_options="" link="" link_options="" live="" live_options="" live_value="" markup="none" markup_class="" match_collection="" match_mode="" match_options="" match_value="" typo="" typo_label="0" typo_options="" stage="0" access="1" restriction="" restriction_options="" computation="" computation_options="" conditional="" conditional_options="" position="mainbody">button_search</field6>
		<field7 client="search" ordering="5" label="" variation="" variation_override="" required="" required_alert="" validation="" validation_options="" link="" link_options="" live="" live_options="" live_value="" markup="" markup_class="" match_collection="" match_mode="" match_options="" match_value="" typo="" typo_label="0" typo_options="" stage="0" access="1" restriction="" restriction_options="" computation="" computation_options="" conditional="" conditional_options="" position="mainbody">div_end</field7>
	</fields>
	<positions>
		<position1 client="item" legend="" variation="" variation_options="" width="" height="" css="">clear</position1>
		<position2 client="item" legend="" variation="" variation_options="" width="" height="" css="">mainbody</position2>
		<position3 client="search" legend="" variation="" variation_options="" width="" height="" css="">clear</position3>
		<position4 client="search" legend="" variation="" variation_options="" width="" height="" css="">mainbody</position4>
	</positions>
</cck>