<?xml version="1.0" encoding="utf-8"?>
<cck type="types">
	<author>Octopoos</author>
	<authorEmail>contact@seblod.com</authorEmail>
	<authorUrl>http://www.seblod.com</authorUrl>
	<copyright>Copyright (C) 2013 SEBLOD. All Rights Reserved.</copyright>
	<license>GNU General Public License version 2 or later.</license>
	<description>SEBLOD 3.x - www.seblod.com</description>
	<type>
		<id />
		<asset_id />
		<title>User</title>
		<name>user</name>
		<alias />
		<folder>joomla/joomla_user</folder>
		<template_admin>seb_one</template_admin>
		<template_site>seb_one</template_site>
		<template_content>seb_one</template_content>
		<template_intro>seb_one</template_intro>
		<description />
		<indexed />
		<published>1</published>
		<options_admin />
		<options_site />
		<options_content />
		<options_intro />
		<location />
		<parent />
		<storage_location>joomla_user</storage_location>
		<stylesheets />
		<version>2</version>
		<checked_out>0</checked_out>
		<checked_out_time>0000-00-00 00:00:00</checked_out_time>
		<access>3</access>
		<created_date>0000-00-00 00:00:00</created_date>
		<created_user_id>0</created_user_id>
		<modified_date>0000-00-00 00:00:00</modified_date>
		<modified_user_id>0</modified_user_id>
	</type>
	<acl>{&quot;core.create&quot;:{&quot;1&quot;:1,&quot;2&quot;:0},&quot;core.create.max.parent&quot;:{&quot;8&quot;:0},&quot;core.create.max.parent.author&quot;:{&quot;8&quot;:0},&quot;core.create.max.author&quot;:{&quot;8&quot;:0},&quot;core.delete&quot;:[],&quot;core.delete.own&quot;:[],&quot;core.edit&quot;:{&quot;4&quot;:0},&quot;core.edit.own&quot;:{&quot;2&quot;:1}}</acl>
	<fields>
		<field1 client="admin" ordering="1" label="" variation="" variation_override="" required="required" required_alert="" validation="" validation_options="" link="" link_options="" live="" live_options="" live_value="" markup="" markup_class="" typo="" typo_label="0" typo_options="" stage="0" access="1" restriction="" restriction_options="" computation="" computation_options="" conditional="" conditional_options="" position="mainbody">user_name_backend</field1>
		<field2 client="admin" ordering="2" label="Account" variation="" variation_override="" required="" required_alert="" validation="" validation_options="" link="" link_options="" live="" live_options="" live_value="" markup="" markup_class="" typo="" typo_label="0" typo_options="" stage="0" access="1" restriction="" restriction_options="" computation="" computation_options="" conditional="" conditional_options="" position="mainbody">tab_details</field2>
		<field3 client="admin" ordering="3" label="" variation="" variation_override="" required="" required_alert="" validation="" validation_options="" link="" link_options="" live="" live_options="" live_value="" markup="" markup_class=" span6" typo="" typo_label="0" typo_options="" stage="0" access="1" restriction="" restriction_options="" computation="" computation_options="" conditional="" conditional_options="" position="mainbody">div_start</field3>
		<field4 client="admin" ordering="4" label="" variation="" variation_override="" required="required" required_alert="" validation="" validation_options="" link="" link_options="" live="" live_options="" live_value="" markup="" markup_class="" typo="" typo_label="0" typo_options="" stage="0" access="1" restriction="" restriction_options="" computation="" computation_options="" conditional="" conditional_options="" position="mainbody">user_username</field4>
		<field5 client="admin" ordering="5" label="" variation="" variation_override="" required="" required_alert="" validation="" validation_options="" link="" link_options="" live="" live_options="" live_value="" markup="" markup_class="" typo="" typo_label="0" typo_options="" stage="0" access="1" restriction="" restriction_options="" computation="" computation_options="" conditional="" conditional_options="" position="mainbody">user_password</field5>
		<field6 client="admin" ordering="6" label="" variation="" variation_override="" required="" required_alert="" validation="confirm" validation_options="{&quot;alert&quot;:&quot;&quot;,&quot;field&quot;:&quot;user_password&quot;}" link="" link_options="" live="" live_options="" live_value="" markup="" markup_class="" typo="" typo_label="0" typo_options="" stage="0" access="1" restriction="" restriction_options="" computation="" computation_options="" conditional="" conditional_options="" position="mainbody">user_password2</field6>
		<field7 client="admin" ordering="7" label="" variation="" variation_override="" required="required" required_alert="" validation="email" validation_options="" link="" link_options="" live="" live_options="" live_value="" markup="" markup_class="" typo="" typo_label="0" typo_options="" stage="0" access="1" restriction="" restriction_options="" computation="" computation_options="" conditional="" conditional_options="" position="mainbody">user_email</field7>
		<field8 client="admin" ordering="8" label="" variation="" variation_override="" required="" required_alert="" validation="" validation_options="" link="" link_options="" live="" live_options="" live_value="" markup="" markup_class="" typo="" typo_label="0" typo_options="" stage="0" access="1" restriction="" restriction_options="" computation="" computation_options="" conditional="" conditional_options="" position="mainbody">user_send_email</field8>
		<field9 client="admin" ordering="9" label="" variation="" variation_override="" required="" required_alert="" validation="" validation_options="" link="" link_options="" live="" live_options="" live_value="" markup="" markup_class="" typo="" typo_label="0" typo_options="" stage="0" access="1" restriction="" restriction_options="" computation="" computation_options="" conditional="" conditional_options="" position="mainbody">user_block</field9>
		<field10 client="admin" ordering="10" label="" variation="" variation_override="" required="" required_alert="" validation="" validation_options="" link="" link_options="" live="" live_options="" live_value="" markup="" markup_class=" span6" typo="" typo_label="0" typo_options="" stage="0" access="1" restriction="" restriction_options="" computation="" computation_options="" conditional="" conditional_options="" position="mainbody">div_in_between</field10>
		<field11 client="admin" ordering="11" label="" variation="" variation_override="" required="" required_alert="" validation="" validation_options="" link="" link_options="" live="" live_options="" live_value="" markup="" markup_class="" typo="" typo_label="0" typo_options="" stage="0" access="1" restriction="" restriction_options="" computation="" computation_options="" conditional="" conditional_options="" position="mainbody">user_register_date</field11>
		<field12 client="admin" ordering="12" label="" variation="" variation_override="" required="" required_alert="" validation="" validation_options="" link="" link_options="" live="" live_options="" live_value="" markup="" markup_class="" typo="" typo_label="0" typo_options="" stage="0" access="1" restriction="" restriction_options="" computation="" computation_options="" conditional="" conditional_options="" position="mainbody">user_lastvisit_date</field12>
		<field13 client="admin" ordering="13" label="" variation="" variation_override="" required="" required_alert="" validation="" validation_options="" link="" link_options="" live="" live_options="" live_value="" markup="" markup_class="" typo="" typo_label="0" typo_options="" stage="0" access="1" restriction="" restriction_options="" computation="" computation_options="" conditional="" conditional_options="" position="mainbody">user_lastreset_date</field13>
		<field14 client="admin" ordering="14" label="" variation="" variation_override="" required="" required_alert="" validation="" validation_options="" link="" link_options="" live="" live_options="" live_value="" markup="" markup_class="" typo="" typo_label="0" typo_options="" stage="0" access="1" restriction="cck_workflow" restriction_options="{&quot;location&quot;:&quot;&quot;,&quot;action&quot;:&quot;edit&quot;}" computation="" computation_options="" conditional="" conditional_options="" position="mainbody">user_reset_count</field14>
		<field15 client="admin" ordering="15" label="" variation="value" variation_override="" required="" required_alert="" validation="" validation_options="" link="" link_options="" live="" live_options="" live_value="" markup="" markup_class="" typo="" typo_label="0" typo_options="" stage="0" access="1" restriction="cck_workflow" restriction_options="{&quot;location&quot;:&quot;&quot;,&quot;action&quot;:&quot;edit&quot;}" computation="" computation_options="" conditional="" conditional_options="" position="mainbody">user_id</field15>
		<field16 client="admin" ordering="16" label="" variation="" variation_override="" required="" required_alert="" validation="" validation_options="" link="" link_options="" live="" live_options="" live_value="" markup="" markup_class="" typo="" typo_label="0" typo_options="" stage="0" access="1" restriction="" restriction_options="" computation="" computation_options="" conditional="" conditional_options="" position="mainbody">div_end</field16>
		<field17 client="admin" ordering="17" label="Assigned User Groups" variation="" variation_override="" required="" required_alert="" validation="" validation_options="" link="" link_options="" live="" live_options="" live_value="" markup="" markup_class="" typo="" typo_label="0" typo_options="" stage="0" access="1" restriction="" restriction_options="" computation="" computation_options="" conditional="" conditional_options="" position="mainbody">tab_permissions</field17>
		<field18 client="admin" ordering="18" label="&amp;nbsp;" variation="" variation_override="" required="" required_alert="" validation="" validation_options="" link="" link_options="" live="" live_options="" live_value="2" markup="" markup_class="" typo="" typo_label="0" typo_options="" stage="0" access="1" restriction="" restriction_options="" computation="" computation_options="" conditional="" conditional_options="" position="mainbody">user_groups</field18>
		<field19 client="admin" ordering="19" label="Basic Settings" variation="" variation_override="" required="" required_alert="" validation="" validation_options="" link="" link_options="" live="" live_options="" live_value="" markup="" markup_class="" typo="" typo_label="0" typo_options="" stage="0" access="1" restriction="" restriction_options="" computation="" computation_options="" conditional="" conditional_options="" position="mainbody">tab_options</field19>
		<field20 client="admin" ordering="20" label=" " variation="" variation_override="" required="" required_alert="" validation="" validation_options="" link="" link_options="" live="" live_options="" live_value="" markup="" markup_class="" typo="" typo_label="0" typo_options="" stage="0" access="1" restriction="" restriction_options="" computation="" computation_options="" conditional="" conditional_options="" position="mainbody">user_grp_basic</field20>
		<field21 client="admin" ordering="21" label="" variation="" variation_override="" required="" required_alert="" validation="" validation_options="" link="" link_options="" live="" live_options="" live_value="" markup="" markup_class="" typo="" typo_label="0" typo_options="" stage="0" access="1" restriction="" restriction_options="" computation="" computation_options="" conditional="" conditional_options="" position="mainbody">tab_profile</field21>
		<field22 client="admin" ordering="22" label="" variation="" variation_override="" required="" required_alert="" validation="" validation_options="" link="" link_options="" live="" live_options="" live_value="" markup="" markup_class=" span6" typo="" typo_label="0" typo_options="" stage="0" access="1" restriction="" restriction_options="" computation="" computation_options="" conditional="" conditional_options="" position="mainbody">div_start_2</field22>
		<field23 client="admin" ordering="23" label="" variation="" variation_override="" required="" required_alert="" validation="" validation_options="" link="" link_options="" live="" live_options="" live_value="" markup="" markup_class="" typo="" typo_label="0" typo_options="" stage="0" access="1" restriction="" restriction_options="" computation="" computation_options="" conditional="" conditional_options="" position="mainbody">user_gender</field23>
		<field24 client="admin" ordering="24" label="" variation="" variation_override="" required="" required_alert="" validation="" validation_options="" link="" link_options="" live="" live_options="" live_value="" markup="" markup_class="" typo="" typo_label="0" typo_options="" stage="0" access="1" restriction="" restriction_options="" computation="" computation_options="" conditional="" conditional_options="" position="mainbody">user_first_name</field24>
		<field25 client="admin" ordering="25" label="" variation="" variation_override="" required="" required_alert="" validation="" validation_options="" link="" link_options="" live="" live_options="" live_value="" markup="" markup_class="" typo="" typo_label="0" typo_options="" stage="0" access="1" restriction="" restriction_options="" computation="" computation_options="" conditional="" conditional_options="" position="mainbody">user_last_name</field25>
		<field26 client="admin" ordering="26" label="" variation="" variation_override="" required="" required_alert="" validation="" validation_options="" link="" link_options="" live="" live_options="" live_value="" markup="" markup_class="" typo="" typo_label="0" typo_options="" stage="0" access="1" restriction="" restriction_options="" computation="" computation_options="" conditional="" conditional_options="" position="mainbody">user_birthdate</field26>
		<field27 client="admin" ordering="27" label="" variation="" variation_override="" required="" required_alert="" validation="" validation_options="" link="" link_options="" live="" live_options="" live_value="" markup="" markup_class="" typo="" typo_label="0" typo_options="" stage="0" access="1" restriction="" restriction_options="" computation="" computation_options="" conditional="" conditional_options="" position="mainbody">user_birthplace</field27>
		<field28 client="admin" ordering="28" label="" variation="" variation_override="" required="" required_alert="" validation="" validation_options="" link="" link_options="" live="" live_options="" live_value="" markup="" markup_class="" typo="" typo_label="0" typo_options="" stage="0" access="1" restriction="" restriction_options="" computation="" computation_options="" conditional="" conditional_options="" position="mainbody">user_about_me</field28>
		<field29 client="admin" ordering="29" label="" variation="" variation_override="" required="" required_alert="" validation="" validation_options="" link="" link_options="" live="" live_options="" live_value="" markup="" markup_class="" typo="" typo_label="0" typo_options="" stage="0" access="1" restriction="" restriction_options="" computation="" computation_options="" conditional="" conditional_options="" position="mainbody">user_avatar</field29>
		<field30 client="admin" ordering="30" label="" variation="" variation_override="" required="" required_alert="" validation="" validation_options="" link="" link_options="" live="" live_options="" live_value="" markup="" markup_class=" span6" typo="" typo_label="0" typo_options="" stage="0" access="1" restriction="" restriction_options="" computation="" computation_options="" conditional="" conditional_options="" position="mainbody">div_in_between_2</field30>
		<field31 client="admin" ordering="31" label="" variation="" variation_override="" required="" required_alert="" validation="" validation_options="" link="" link_options="" live="" live_options="" live_value="" markup="" markup_class="" typo="" typo_label="0" typo_options="" stage="0" access="1" restriction="" restriction_options="" computation="" computation_options="" conditional="" conditional_options="" position="mainbody">user_address1</field31>
		<field32 client="admin" ordering="32" label="" variation="" variation_override="" required="" required_alert="" validation="" validation_options="" link="" link_options="" live="" live_options="" live_value="" markup="" markup_class="" typo="" typo_label="0" typo_options="" stage="0" access="1" restriction="" restriction_options="" computation="" computation_options="" conditional="" conditional_options="" position="mainbody">user_address2</field32>
		<field33 client="admin" ordering="33" label="" variation="" variation_override="" required="" required_alert="" validation="" validation_options="" link="" link_options="" live="" live_options="" live_value="" markup="" markup_class="" typo="" typo_label="0" typo_options="" stage="0" access="1" restriction="" restriction_options="" computation="" computation_options="" conditional="" conditional_options="" position="mainbody">user_city</field33>
		<field34 client="admin" ordering="34" label="" variation="" variation_override="" required="" required_alert="" validation="" validation_options="" link="" link_options="" live="" live_options="" live_value="" markup="" markup_class="" typo="" typo_label="0" typo_options="" stage="0" access="1" restriction="" restriction_options="" computation="" computation_options="" conditional="" conditional_options="" position="mainbody">user_postal_code</field34>
		<field35 client="admin" ordering="35" label="" variation="" variation_override="" required="" required_alert="" validation="" validation_options="" link="" link_options="" live="" live_options="" live_value="" markup="" markup_class="" typo="" typo_label="0" typo_options="" stage="0" access="1" restriction="" restriction_options="" computation="" computation_options="" conditional="" conditional_options="" position="mainbody">user_region</field35>
		<field36 client="admin" ordering="36" label="" variation="" variation_override="" required="" required_alert="" validation="" validation_options="" link="" link_options="" live="" live_options="" live_value="" markup="" markup_class="" typo="" typo_label="0" typo_options="" stage="0" access="1" restriction="" restriction_options="" computation="" computation_options="" conditional="" conditional_options="" position="mainbody">user_country</field36>
		<field37 client="admin" ordering="37" label="" variation="" variation_override="" required="" required_alert="" validation="" validation_options="" link="" link_options="" live="" live_options="" live_value="" markup="" markup_class="" typo="" typo_label="0" typo_options="" stage="0" access="1" restriction="" restriction_options="" computation="" computation_options="" conditional="" conditional_options="" position="mainbody">user_phone</field37>
		<field38 client="admin" ordering="38" label="" variation="" variation_override="" required="" required_alert="" validation="" validation_options="" link="" link_options="" live="" live_options="" live_value="" markup="" markup_class="" typo="" typo_label="0" typo_options="" stage="0" access="1" restriction="" restriction_options="" computation="" computation_options="" conditional="" conditional_options="" position="mainbody">user_website</field38>
		<field39 client="admin" ordering="39" label="" variation="" variation_override="" required="" required_alert="" validation="" validation_options="" link="" link_options="" live="" live_options="" live_value="" markup="" markup_class="" typo="" typo_label="0" typo_options="" stage="0" access="1" restriction="" restriction_options="" computation="" computation_options="" conditional="" conditional_options="" position="mainbody">div_end_2</field39>
		<field40 client="admin" ordering="40" label="" variation="" variation_override="" required="" required_alert="" validation="" validation_options="" link="" link_options="" live="" live_options="" live_value="" markup="" markup_class="" typo="" typo_label="0" typo_options="" stage="0" access="1" restriction="" restriction_options="" computation="" computation_options="" conditional="" conditional_options="" position="mainbody">tab_end</field40>
		<field41 client="content" ordering="1" label="clear" variation="" variation_override="" required="" required_alert="" validation="" validation_options="" link="" link_options="" live="" live_options="" live_value="" markup="" markup_class="" typo="" typo_label="0" typo_options="" stage="0" access="1" restriction="" restriction_options="" computation="" computation_options="" conditional="" conditional_options="" position="mainbody">user_name</field41>
		<field42 client="content" ordering="2" label="" variation="" variation_override="" required="" required_alert="" validation="" validation_options="" link="" link_options="" live="" live_options="" live_value="" markup="" markup_class="" typo="" typo_label="0" typo_options="" stage="0" access="1" restriction="" restriction_options="" computation="" computation_options="" conditional="" conditional_options="" position="mainbody">user_city</field42>
		<field43 client="content" ordering="3" label="" variation="" variation_override="" required="" required_alert="" validation="" validation_options="" link="" link_options="" live="" live_options="" live_value="" markup="" markup_class="" typo="" typo_label="0" typo_options="" stage="0" access="1" restriction="" restriction_options="" computation="" computation_options="" conditional="" conditional_options="" position="mainbody">user_country</field43>
		<field44 client="content" ordering="4" label="" variation="" variation_override="" required="" required_alert="" validation="" validation_options="" link="" link_options="" live="" live_options="" live_value="" markup="" markup_class="" typo="" typo_label="0" typo_options="" stage="0" access="1" restriction="" restriction_options="" computation="" computation_options="" conditional="" conditional_options="" position="mainbody">user_website</field44>
		<field45 client="site" ordering="1" label="Account" variation="" variation_override="" required="" required_alert="" validation="" validation_options="" link="" link_options="" live="" live_options="" live_value="" markup="" markup_class="" typo="" typo_label="0" typo_options="" stage="0" access="2" restriction="" restriction_options="" computation="" computation_options="" conditional="" conditional_options="" position="mainbody">tab_details</field45>
		<field46 client="site" ordering="2" label="" variation="" variation_override="" required="required" required_alert="" validation="" validation_options="" link="" link_options="" live="" live_options="" live_value="" markup="" markup_class="" typo="" typo_label="0" typo_options="" stage="0" access="1" restriction="" restriction_options="" computation="" computation_options="" conditional="" conditional_options="" position="mainbody">user_name</field46>
		<field47 client="site" ordering="3" label="" variation="" variation_override="" required="required" required_alert="" validation="" validation_options="" link="" link_options="" live="" live_options="" live_value="" markup="" markup_class="" typo="" typo_label="0" typo_options="" stage="0" access="1" restriction="" restriction_options="" computation="" computation_options="" conditional="" conditional_options="" position="mainbody">user_username</field47>
		<field48 client="site" ordering="4" label="" variation="" variation_override="" required="required" required_alert="" validation="" validation_options="" link="" link_options="" live="" live_options="" live_value="" markup="" markup_class="" typo="" typo_label="0" typo_options="" stage="0" access="1" restriction="" restriction_options="" computation="" computation_options="" conditional="" conditional_options="" position="mainbody">user_password</field48>
		<field49 client="site" ordering="5" label="" variation="" variation_override="" required="required" required_alert="" validation="confirm" validation_options="{&quot;alert&quot;:&quot;&quot;,&quot;field&quot;:&quot;user_password&quot;}" link="" link_options="" live="" live_options="" live_value="" markup="" markup_class="" typo="" typo_label="0" typo_options="" stage="0" access="1" restriction="" restriction_options="" computation="" computation_options="" conditional="" conditional_options="" position="mainbody">user_password2</field49>
		<field50 client="site" ordering="6" label="" variation="" variation_override="" required="required" required_alert="" validation="" validation_options="" link="" link_options="" live="" live_options="" live_value="" markup="" markup_class="" typo="" typo_label="0" typo_options="" stage="0" access="1" restriction="" restriction_options="" computation="" computation_options="" conditional="" conditional_options="" position="mainbody">user_email</field50>
		<field51 client="site" ordering="7" label="" variation="" variation_override="" required="" required_alert="" validation="" validation_options="" link="" link_options="" live="" live_options="" live_value="" markup="" markup_class="" typo="" typo_label="0" typo_options="" stage="0" access="2" restriction="" restriction_options="" computation="" computation_options="" conditional="" conditional_options="" position="mainbody">tab_profile</field51>
		<field52 client="site" ordering="8" label="" variation="" variation_override="" required="" required_alert="" validation="" validation_options="" link="" link_options="" live="" live_options="" live_value="" markup="" markup_class="" typo="" typo_label="0" typo_options="" stage="0" access="2" restriction="" restriction_options="" computation="" computation_options="" conditional="" conditional_options="" position="mainbody">user_address1</field52>
		<field53 client="site" ordering="9" label="" variation="" variation_override="" required="" required_alert="" validation="" validation_options="" link="" link_options="" live="" live_options="" live_value="" markup="" markup_class="" typo="" typo_label="0" typo_options="" stage="0" access="2" restriction="" restriction_options="" computation="" computation_options="" conditional="" conditional_options="" position="mainbody">user_city</field53>
		<field54 client="site" ordering="10" label="" variation="" variation_override="" required="" required_alert="" validation="" validation_options="" link="" link_options="" live="" live_options="" live_value="" markup="" markup_class="" typo="" typo_label="0" typo_options="" stage="0" access="2" restriction="" restriction_options="" computation="" computation_options="" conditional="" conditional_options="" position="mainbody">user_postal_code</field54>
		<field55 client="site" ordering="11" label="" variation="" variation_override="" required="" required_alert="" validation="" validation_options="" link="" link_options="" live="" live_options="" live_value="" markup="" markup_class="" typo="" typo_label="0" typo_options="" stage="0" access="2" restriction="" restriction_options="" computation="" computation_options="" conditional="" conditional_options="" position="mainbody">user_country</field55>
		<field56 client="site" ordering="12" label="" variation="" variation_override="" required="" required_alert="" validation="" validation_options="" link="" link_options="" live="" live_options="" live_value="" markup="" markup_class="" typo="" typo_label="0" typo_options="" stage="0" access="2" restriction="" restriction_options="" computation="" computation_options="" conditional="" conditional_options="" position="mainbody">tab_end</field56>
		<field57 client="site" ordering="13" label="" variation="" variation_override="" required="" required_alert="" validation="" validation_options="" link="" link_options="" live="" live_options="" live_value="" markup="" markup_class=" btn-toolbar" typo="" typo_label="0" typo_options="" stage="0" access="1" restriction="" restriction_options="" computation="" computation_options="" conditional="" conditional_options="" position="mainbody">div_start</field57>
		<field58 client="site" ordering="14" label="Save" variation="" variation_override="" required="" required_alert="" validation="" validation_options="" link="" link_options="" live="" live_options="" live_value="" markup="none" markup_class="" typo="" typo_label="0" typo_options="" stage="0" access="1" restriction="" restriction_options="" computation="" computation_options="" conditional="" conditional_options="" position="mainbody">button_save_close</field58>
		<field59 client="site" ordering="15" label="" variation="" variation_override="" required="" required_alert="" validation="" validation_options="" link="" link_options="" live="" live_options="" live_value="" markup="none" markup_class="" typo="" typo_label="0" typo_options="" stage="0" access="1" restriction="" restriction_options="" computation="" computation_options="" conditional="" conditional_options="" position="mainbody">button_cancel</field59>
		<field60 client="site" ordering="16" label="" variation="" variation_override="" required="" required_alert="" validation="" validation_options="" link="" link_options="" live="" live_options="" live_value="" markup="" markup_class="" typo="" typo_label="0" typo_options="" stage="0" access="1" restriction="" restriction_options="" computation="" computation_options="" conditional="" conditional_options="" position="mainbody">div_end</field60>
	</fields>
	<positions>
		<position1 client="admin" legend="" variation="" variation_options="" width="" height="" css="">clear</position1>
		<position2 client="admin" legend="" variation="" variation_options="" width="" height="" css="">mainbody</position2>
		<position3 client="content" legend="" variation="" variation_options="" width="" height="" css="">clear</position3>
		<position4 client="content" legend="" variation="" variation_options="" width="" height="" css="">mainbody</position4>
		<position5 client="intro" legend="" variation="" variation_options="" width="" height="" css="">clear</position5>
		<position6 client="site" legend="" variation="" variation_options="" width="" height="" css="">clear</position6>
		<position7 client="site" legend="" variation="" variation_options="" width="" height="" css="">mainbody</position7>
	</positions>
</cck>