<?xml version="1.0" encoding="utf-8"?>
<cck type="types">
	<author>Octopoos</author>
	<authorEmail>contact@seblod.com</authorEmail>
	<authorUrl>http://www.seblod.com</authorUrl>
	<copyright>Copyright (C) 2013 SEBLOD. All Rights Reserved.</copyright>
	<license>GNU General Public License version 2 or later.</license>
	<description>SEBLOD 3.x - www.seblod.com</description>
	<type>
		<id />
		<asset_id />
		<title>Article Grp Images &amp; Links</title>
		<name>article_grp_images_links</name>
		<alias />
		<folder>joomla/joomla_article</folder>
		<template_admin>seb_one</template_admin>
		<template_site>seb_one</template_site>
		<template_content>seb_one</template_content>
		<template_intro>seb_one</template_intro>
		<description />
		<indexed />
		<published>0</published>
		<options_admin />
		<options_site />
		<options_content />
		<options_intro />
		<location />
		<parent />
		<storage_location>none</storage_location>
		<stylesheets />
		<version>2</version>
		<checked_out>0</checked_out>
		<checked_out_time>0000-00-00 00:00:00</checked_out_time>
		<access>3</access>
		<created_date>0000-00-00 00:00:00</created_date>
		<created_user_id>0</created_user_id>
		<modified_date>0000-00-00 00:00:00</modified_date>
		<modified_user_id>0</modified_user_id>
	</type>
	<acl>{&quot;core.create&quot;:[],&quot;core.create.max.parent&quot;:{&quot;8&quot;:0},&quot;core.create.max.parent.author&quot;:{&quot;8&quot;:0},&quot;core.create.max.author&quot;:{&quot;8&quot;:0},&quot;core.delete&quot;:[],&quot;core.delete.own&quot;:[],&quot;core.edit&quot;:[],&quot;core.edit.own&quot;:[]}</acl>
	<fields>
		<field1 client="admin" ordering="1" label="" variation="" variation_override="" required="" required_alert="" validation="" validation_options="" link="" link_options="" live="" live_options="" live_value="" markup="" markup_class=" span6" typo="" typo_label="0" typo_options="" stage="0" access="1" restriction="" restriction_options="" computation="" computation_options="" conditional="" conditional_options="" position="mainbody">div_start_4</field1>
		<field2 client="admin" ordering="2" label="" variation="" variation_override="" required="" required_alert="" validation="" validation_options="" link="" link_options="" live="" live_options="" live_value="" markup="" markup_class="" typo="" typo_label="0" typo_options="" stage="0" access="1" restriction="" restriction_options="" computation="" computation_options="" conditional="" conditional_options="" position="mainbody">art_image_intro</field2>
		<field3 client="admin" ordering="3" label="" variation="" variation_override="" required="" required_alert="" validation="" validation_options="" link="" link_options="" live="" live_options="" live_value="" markup="" markup_class="" typo="" typo_label="0" typo_options="" stage="0" access="1" restriction="" restriction_options="" computation="" computation_options="" conditional="" conditional_options="" position="mainbody">art_image_intro_float</field3>
		<field4 client="admin" ordering="4" label="" variation="" variation_override="" required="" required_alert="" validation="" validation_options="" link="" link_options="" live="" live_options="" live_value="" markup="" markup_class="" typo="" typo_label="0" typo_options="" stage="0" access="1" restriction="" restriction_options="" computation="" computation_options="" conditional="" conditional_options="" position="mainbody">art_image_intro_alt</field4>
		<field5 client="admin" ordering="5" label="" variation="" variation_override="" required="" required_alert="" validation="" validation_options="" link="" link_options="" live="" live_options="" live_value="" markup="" markup_class="" typo="" typo_label="0" typo_options="" stage="0" access="1" restriction="" restriction_options="" computation="" computation_options="" conditional="" conditional_options="" position="mainbody">art_image_intro_caption</field5>
		<field6 client="admin" ordering="6" label="" variation="" variation_override="" required="" required_alert="" validation="" validation_options="" link="" link_options="" live="" live_options="" live_value="" markup="" markup_class="" typo="" typo_label="0" typo_options="" stage="0" access="1" restriction="" restriction_options="" computation="" computation_options="" conditional="" conditional_options="" position="mainbody">art_image_fulltext</field6>
		<field7 client="admin" ordering="7" label="" variation="" variation_override="" required="" required_alert="" validation="" validation_options="" link="" link_options="" live="" live_options="" live_value="" markup="" markup_class="" typo="" typo_label="0" typo_options="" stage="0" access="1" restriction="" restriction_options="" computation="" computation_options="" conditional="" conditional_options="" position="mainbody">art_image_fulltext_float</field7>
		<field8 client="admin" ordering="8" label="" variation="" variation_override="" required="" required_alert="" validation="" validation_options="" link="" link_options="" live="" live_options="" live_value="" markup="" markup_class="" typo="" typo_label="0" typo_options="" stage="0" access="1" restriction="" restriction_options="" computation="" computation_options="" conditional="" conditional_options="" position="mainbody">art_image_fulltext_alt</field8>
		<field9 client="admin" ordering="9" label="" variation="" variation_override="" required="" required_alert="" validation="" validation_options="" link="" link_options="" live="" live_options="" live_value="" markup="" markup_class="" typo="" typo_label="0" typo_options="" stage="0" access="1" restriction="" restriction_options="" computation="" computation_options="" conditional="" conditional_options="" position="mainbody">art_image_fulltext_caption</field9>
		<field10 client="admin" ordering="10" label="" variation="" variation_override="" required="" required_alert="" validation="" validation_options="" link="" link_options="" live="" live_options="" live_value="" markup="" markup_class=" span6" typo="" typo_label="0" typo_options="" stage="0" access="1" restriction="" restriction_options="" computation="" computation_options="" conditional="" conditional_options="" position="mainbody">div_in_between_4</field10>
		<field11 client="admin" ordering="11" label="" variation="" variation_override="" required="" required_alert="" validation="url" validation_options="" link="" link_options="" live="" live_options="" live_value="" markup="" markup_class="" typo="" typo_label="0" typo_options="" stage="0" access="1" restriction="" restriction_options="" computation="" computation_options="" conditional="" conditional_options="" position="mainbody">art_urla</field11>
		<field12 client="admin" ordering="12" label="" variation="" variation_override="" required="" required_alert="" validation="" validation_options="" link="" link_options="" live="" live_options="" live_value="" markup="" markup_class="" typo="" typo_label="0" typo_options="" stage="0" access="1" restriction="" restriction_options="" computation="" computation_options="" conditional="" conditional_options="" position="mainbody">art_urla_text</field12>
		<field13 client="admin" ordering="13" label="" variation="" variation_override="" required="" required_alert="" validation="" validation_options="" link="" link_options="" live="" live_options="" live_value="" markup="" markup_class="" typo="" typo_label="0" typo_options="" stage="0" access="1" restriction="" restriction_options="" computation="" computation_options="" conditional="" conditional_options="" position="mainbody">art_urla_target</field13>
		<field14 client="admin" ordering="14" label="" variation="" variation_override="" required="" required_alert="" validation="url" validation_options="" link="" link_options="" live="" live_options="" live_value="" markup="" markup_class="" typo="" typo_label="0" typo_options="" stage="0" access="1" restriction="" restriction_options="" computation="" computation_options="" conditional="" conditional_options="" position="mainbody">art_urlb</field14>
		<field15 client="admin" ordering="15" label="" variation="" variation_override="" required="" required_alert="" validation="" validation_options="" link="" link_options="" live="" live_options="" live_value="" markup="" markup_class="" typo="" typo_label="0" typo_options="" stage="0" access="1" restriction="" restriction_options="" computation="" computation_options="" conditional="" conditional_options="" position="mainbody">art_urlb_text</field15>
		<field16 client="admin" ordering="16" label="" variation="" variation_override="" required="" required_alert="" validation="" validation_options="" link="" link_options="" live="" live_options="" live_value="" markup="" markup_class="" typo="" typo_label="0" typo_options="" stage="0" access="1" restriction="" restriction_options="" computation="" computation_options="" conditional="" conditional_options="" position="mainbody">art_urlb_target</field16>
		<field17 client="admin" ordering="17" label="" variation="" variation_override="" required="" required_alert="" validation="url" validation_options="" link="" link_options="" live="" live_options="" live_value="" markup="" markup_class="" typo="" typo_label="0" typo_options="" stage="0" access="1" restriction="" restriction_options="" computation="" computation_options="" conditional="" conditional_options="" position="mainbody">art_urlc</field17>
		<field18 client="admin" ordering="18" label="" variation="" variation_override="" required="" required_alert="" validation="" validation_options="" link="" link_options="" live="" live_options="" live_value="" markup="" markup_class="" typo="" typo_label="0" typo_options="" stage="0" access="1" restriction="" restriction_options="" computation="" computation_options="" conditional="" conditional_options="" position="mainbody">art_urlc_text</field18>
		<field19 client="admin" ordering="19" label="" variation="" variation_override="" required="" required_alert="" validation="" validation_options="" link="" link_options="" live="" live_options="" live_value="" markup="" markup_class="" typo="" typo_label="0" typo_options="" stage="0" access="1" restriction="" restriction_options="" computation="" computation_options="" conditional="" conditional_options="" position="mainbody">art_urlc_target</field19>
		<field20 client="admin" ordering="20" label="" variation="" variation_override="" required="" required_alert="" validation="" validation_options="" link="" link_options="" live="" live_options="" live_value="" markup="" markup_class="" typo="" typo_label="0" typo_options="" stage="0" access="1" restriction="" restriction_options="" computation="" computation_options="" conditional="" conditional_options="" position="mainbody">div_end_4</field20>
		<field21 client="site" ordering="1" label="" variation="" variation_override="" required="" required_alert="" validation="" validation_options="" link="" link_options="" live="" live_options="" live_value="" markup="" markup_class="" typo="" typo_label="0" typo_options="" stage="0" access="1" restriction="" restriction_options="" computation="" computation_options="" conditional="" conditional_options="" position="mainbody">art_image_intro</field21>
		<field22 client="site" ordering="2" label="" variation="" variation_override="" required="" required_alert="" validation="" validation_options="" link="" link_options="" live="" live_options="" live_value="" markup="" markup_class="" typo="" typo_label="0" typo_options="" stage="0" access="1" restriction="" restriction_options="" computation="" computation_options="" conditional="" conditional_options="" position="mainbody">art_image_intro_float</field22>
		<field23 client="site" ordering="3" label="" variation="" variation_override="" required="" required_alert="" validation="" validation_options="" link="" link_options="" live="" live_options="" live_value="" markup="" markup_class="" typo="" typo_label="0" typo_options="" stage="0" access="1" restriction="" restriction_options="" computation="" computation_options="" conditional="" conditional_options="" position="mainbody">art_image_intro_alt</field23>
		<field24 client="site" ordering="4" label="" variation="" variation_override="" required="" required_alert="" validation="" validation_options="" link="" link_options="" live="" live_options="" live_value="" markup="" markup_class="" typo="" typo_label="0" typo_options="" stage="0" access="1" restriction="" restriction_options="" computation="" computation_options="" conditional="" conditional_options="" position="mainbody">art_image_intro_caption</field24>
		<field25 client="site" ordering="5" label="" variation="" variation_override="" required="" required_alert="" validation="" validation_options="" link="" link_options="" live="" live_options="" live_value="" markup="" markup_class="" typo="" typo_label="0" typo_options="" stage="0" access="1" restriction="" restriction_options="" computation="" computation_options="" conditional="" conditional_options="" position="mainbody">art_image_fulltext</field25>
		<field26 client="site" ordering="6" label="" variation="" variation_override="" required="" required_alert="" validation="" validation_options="" link="" link_options="" live="" live_options="" live_value="" markup="" markup_class="" typo="" typo_label="0" typo_options="" stage="0" access="1" restriction="" restriction_options="" computation="" computation_options="" conditional="" conditional_options="" position="mainbody">art_image_fulltext_float</field26>
		<field27 client="site" ordering="7" label="" variation="" variation_override="" required="" required_alert="" validation="" validation_options="" link="" link_options="" live="" live_options="" live_value="" markup="" markup_class="" typo="" typo_label="0" typo_options="" stage="0" access="1" restriction="" restriction_options="" computation="" computation_options="" conditional="" conditional_options="" position="mainbody">art_image_fulltext_alt</field27>
		<field28 client="site" ordering="8" label="" variation="" variation_override="" required="" required_alert="" validation="" validation_options="" link="" link_options="" live="" live_options="" live_value="" markup="" markup_class="" typo="" typo_label="0" typo_options="" stage="0" access="1" restriction="" restriction_options="" computation="" computation_options="" conditional="" conditional_options="" position="mainbody">art_image_fulltext_caption</field28>
		<field29 client="site" ordering="9" label="" variation="" variation_override="" required="" required_alert="" validation="url" validation_options="" link="" link_options="" live="" live_options="" live_value="" markup="" markup_class="" typo="" typo_label="0" typo_options="" stage="0" access="1" restriction="" restriction_options="" computation="" computation_options="" conditional="" conditional_options="" position="mainbody">art_urla</field29>
		<field30 client="site" ordering="10" label="" variation="" variation_override="" required="" required_alert="" validation="" validation_options="" link="" link_options="" live="" live_options="" live_value="" markup="" markup_class="" typo="" typo_label="0" typo_options="" stage="0" access="1" restriction="" restriction_options="" computation="" computation_options="" conditional="" conditional_options="" position="mainbody">art_urla_text</field30>
		<field31 client="site" ordering="11" label="" variation="" variation_override="" required="" required_alert="" validation="" validation_options="" link="" link_options="" live="" live_options="" live_value="" markup="" markup_class="" typo="" typo_label="0" typo_options="" stage="0" access="1" restriction="" restriction_options="" computation="" computation_options="" conditional="" conditional_options="" position="mainbody">art_urla_target</field31>
		<field32 client="site" ordering="12" label="" variation="" variation_override="" required="" required_alert="" validation="url" validation_options="" link="" link_options="" live="" live_options="" live_value="" markup="" markup_class="" typo="" typo_label="0" typo_options="" stage="0" access="1" restriction="" restriction_options="" computation="" computation_options="" conditional="" conditional_options="" position="mainbody">art_urlb</field32>
		<field33 client="site" ordering="13" label="" variation="" variation_override="" required="" required_alert="" validation="" validation_options="" link="" link_options="" live="" live_options="" live_value="" markup="" markup_class="" typo="" typo_label="0" typo_options="" stage="0" access="1" restriction="" restriction_options="" computation="" computation_options="" conditional="" conditional_options="" position="mainbody">art_urlb_text</field33>
		<field34 client="site" ordering="14" label="" variation="" variation_override="" required="" required_alert="" validation="" validation_options="" link="" link_options="" live="" live_options="" live_value="" markup="" markup_class="" typo="" typo_label="0" typo_options="" stage="0" access="1" restriction="" restriction_options="" computation="" computation_options="" conditional="" conditional_options="" position="mainbody">art_urlb_target</field34>
		<field35 client="site" ordering="15" label="" variation="" variation_override="" required="" required_alert="" validation="url" validation_options="" link="" link_options="" live="" live_options="" live_value="" markup="" markup_class="" typo="" typo_label="0" typo_options="" stage="0" access="1" restriction="" restriction_options="" computation="" computation_options="" conditional="" conditional_options="" position="mainbody">art_urlc</field35>
		<field36 client="site" ordering="16" label="" variation="" variation_override="" required="" required_alert="" validation="" validation_options="" link="" link_options="" live="" live_options="" live_value="" markup="" markup_class="" typo="" typo_label="0" typo_options="" stage="0" access="1" restriction="" restriction_options="" computation="" computation_options="" conditional="" conditional_options="" position="mainbody">art_urlc_text</field36>
		<field37 client="site" ordering="17" label="" variation="" variation_override="" required="" required_alert="" validation="" validation_options="" link="" link_options="" live="" live_options="" live_value="" markup="" markup_class="" typo="" typo_label="0" typo_options="" stage="0" access="1" restriction="" restriction_options="" computation="" computation_options="" conditional="" conditional_options="" position="mainbody">art_urlc_target</field37>
	</fields>
	<positions>
		<position1 client="admin" legend="" variation="" variation_options="" width="" height="" css="">clear</position1>
		<position2 client="admin" legend="" variation="" variation_options="" width="" height="" css="">mainbody</position2>
		<position3 client="site" legend="" variation="" variation_options="" width="" height="" css="">hidden</position3>
		<position4 client="site" legend="" variation="" variation_options="" width="" height="" css="">mainbody</position4>
	</positions>
</cck>